age,1960,1970,1980,1990,2000,2010,2020,2022,"Δ 1960→2022, %","Δ 1990→2022, %"
40–44,72.4,70.9,63.0,59.5,48.8,36.6,28.8,27.7,-61.7,-53.4
45–49,127.3,126.9,119.0,109.8,93.8,71.1,53.4,50.8,-60.1,-53.7
50–54,210.5,209.7,213.7,191.5,168.8,139.4,99.0,93.4,-55.6,-51.2
55–59,334.0,335.2,335.9,324.5,280.9,236.6,177.8,166.7,-50.1,-48.6
60–64,493.3,509.0,503.8,500.6,430.2,376.5,305.4,284.3,-42.4,-43.2
65–69,687.2,719.7,719.2,724.2,649.3,563.2,470.7,459.1,-33.2,-36.6
70–74,929.0,974.0,998.7,985.7,928.5,800.2,687.6,658.9,-29.1,-33.2
75–79,1211.6,1239.1,1305.1,1305.0,1227.8,1126.6,975.0,941.1,-22.3,-27.9
80–84,1502.4,1507.3,1614.7,1650.7,1568.9,1510.8,1339.0,1317.3,-12.3,-20.2
85+,1701.9,1780.5,1925.2,2039.2,1985.5,1941.5,1913.0,1849.9,8.7,-9.3
