age,year,rate,n_countries
40–44,1960,72.4,15
45–49,1960,127.3,15
50–54,1960,210.5,15
55–59,1960,334.0,15
60–64,1960,493.3,15
65–69,1960,687.2,15
70–74,1960,929.0,15
75–79,1960,1211.6,15
80–84,1960,1502.4,15
85+,1960,1701.9,15
40–44,1970,70.9,15
45–49,1970,126.9,15
50–54,1970,209.7,15
55–59,1970,335.2,15
60–64,1970,509.0,15
65–69,1970,719.7,15
70–74,1970,974.0,15
75–79,1970,1239.1,15
80–84,1970,1507.3,15
85+,1970,1780.5,15
40–44,1980,63.0,15
45–49,1980,119.0,15
50–54,1980,213.7,15
55–59,1980,335.9,15
60–64,1980,503.8,15
65–69,1980,719.2,15
70–74,1980,998.7,15
75–79,1980,1305.1,15
80–84,1980,1614.7,15
85+,1980,1925.2,15
40–44,1990,59.5,15
45–49,1990,109.8,15
50–54,1990,191.5,15
55–59,1990,324.5,15
60–64,1990,500.6,15
65–69,1990,724.2,15
70–74,1990,985.7,15
75–79,1990,1305.0,15
80–84,1990,1650.7,15
85+,1990,2039.2,15
40–44,2000,48.8,15
45–49,2000,93.8,15
50–54,2000,168.8,15
55–59,2000,280.9,15
60–64,2000,430.2,15
65–69,2000,649.3,15
70–74,2000,928.5,15
75–79,2000,1227.8,15
80–84,2000,1568.9,15
85+,2000,1985.5,15
40–44,2010,36.6,15
45–49,2010,71.1,15
50–54,2010,139.4,15
55–59,2010,236.6,15
60–64,2010,376.5,15
65–69,2010,563.2,15
70–74,2010,800.2,15
75–79,2010,1126.6,15
80–84,2010,1510.8,15
85+,2010,1941.5,15
40–44,2020,28.8,15
45–49,2020,53.4,15
50–54,2020,99.0,15
55–59,2020,177.8,15
60–64,2020,305.4,15
65–69,2020,470.7,15
70–74,2020,687.6,15
75–79,2020,975.0,15
80–84,2020,1339.0,15
85+,2020,1913.0,15
40–44,2022,27.7,13
45–49,2022,50.8,13
50–54,2022,93.4,13
55–59,2022,166.7,13
60–64,2022,284.3,13
65–69,2022,459.1,13
70–74,2022,658.9,13
75–79,2022,941.1,13
80–84,2022,1317.3,13
85+,2022,1849.9,13
