year,panel_mean,n_countries
1951,135.76687666666666,12
1952,139.9498203076923,13
1953,140.6891496923077,13
1954,141.92719714285712,14
1955,144.96293599999998,15
1956,146.56537333333333,15
1957,147.42780266666665,15
1958,147.29341666666667,15
1959,148.5066302666667,15
1960,149.9243564,15
1961,149.71400200000002,15
1962,150.1078564,15
1963,151.73824933333333,15
1964,151.80239066666667,15
1965,151.485344,15
1966,151.27839466666668,15
1967,151.853576,15
1968,153.22097666666667,15
1969,153.02338533333335,15
1970,152.58280333333332,15
1971,153.97936173333335,15
1972,154.31685233333334,15
1973,154.59143066666667,15
1974,154.06313,15
1975,153.272046,15
1976,153.8576202666667,15
1977,152.86771906666667,15
1978,154.22707166666666,15
1979,153.90534333333335,15
1980,153.89347266666667,15
1981,153.23660933333335,15
1982,153.04292613333334,15
1983,153.86039566666665,15
1984,154.14471,15
1985,153.56660266666668,15
1986,152.56257333333332,15
1987,152.70165333333335,15
1988,153.01988173333334,15
1989,151.84758766666667,15
1990,150.727373,15
1991,149.91253333333333,15
1992,149.29084866666665,15
1993,148.54199933333334,15
1994,146.95873666666665,15
1995,145.18556933333332,15
1996,143.27667306666666,15
1997,141.48247493333332,15
1998,140.0528118,15
1999,138.36473133333337,15
2000,136.43472060000002,15
2001,135.038906,15
2002,132.6646136,15
2003,131.200313,15
2004,129.747757,15
2005,128.38810742857143,14
2006,126.08200959999999,15
2007,124.234682,15
2008,123.25503153333334,15
2009,120.8956694,15
2010,120.02164093333334,15
2011,118.42711933333334,15
2012,116.90107226666667,15
2013,114.383874,15
2014,112.7601794,15
2015,111.61261146666668,15
2016,110.2167594,15
2017,107.64728326666666,15
2018,105.32217526666666,15
2019,103.46899966666666,15
2020,101.19915433333334,15
2021,99.15092593333334,15
2022,97.10836046153847,13
