entity,code,year,rate
Australia,AUS,1951,127.19063
Australia,AUS,1952,130.8823
Australia,AUS,1953,132.42522
Australia,AUS,1954,130.54189
Australia,AUS,1955,130.55373
Australia,AUS,1956,131.91017
Australia,AUS,1957,132.87177
Australia,AUS,1958,128.99219
Australia,AUS,1959,132.79422
Australia,AUS,1960,130.28795
Australia,AUS,1961,130.84761
Australia,AUS,1962,130.99559
Australia,AUS,1963,134.83981
Australia,AUS,1964,135.31796
Australia,AUS,1965,132.28874
Australia,AUS,1966,135.06976
Australia,AUS,1967,135.54832
Australia,AUS,1968,141.0262
Australia,AUS,1969,140.61826
Australia,AUS,1970,144.23683
Australia,AUS,1971,143.48898
Australia,AUS,1972,144.27298
Australia,AUS,1973,146.37866
Australia,AUS,1974,147.98267
Australia,AUS,1975,143.1347
Australia,AUS,1976,144.42438
Australia,AUS,1977,143.75166
Australia,AUS,1978,143.9082
Australia,AUS,1979,141.90459
Australia,AUS,1980,145.89578
Australia,AUS,1981,144.09523
Australia,AUS,1982,146.55339
Australia,AUS,1983,147.87642
Australia,AUS,1984,149.22183
Australia,AUS,1985,149.87178
Australia,AUS,1986,145.98119
Australia,AUS,1987,147.23238
Australia,AUS,1988,146.74718
Australia,AUS,1989,148.4582
Australia,AUS,1990,144.64981
Australia,AUS,1991,144.74876
Australia,AUS,1992,144.1479
Australia,AUS,1993,143.23732
Australia,AUS,1994,145.44772
Australia,AUS,1995,139.44556
Australia,AUS,1996,139.74397
Australia,AUS,1997,135.69733
Australia,AUS,1998,134.47926
Australia,AUS,1999,130.52545
Australia,AUS,2000,129.23418
Australia,AUS,2001,128.43358
Australia,AUS,2002,127.08908
Australia,AUS,2003,123.740364
Australia,AUS,2004,123.02005
Australia,AUS,2006,120.88534
Australia,AUS,2007,116.89924
Australia,AUS,2008,118.58372
Australia,AUS,2009,114.7004
Australia,AUS,2010,114.8152
Australia,AUS,2011,113.50757
Australia,AUS,2012,109.355865
Australia,AUS,2013,108.858215
Australia,AUS,2014,106.231705
Australia,AUS,2015,107.816696
Australia,AUS,2016,104.63585
Australia,AUS,2017,101.130066
Australia,AUS,2018,101.683365
Australia,AUS,2019,102.62302
Australia,AUS,2020,96.778465
Australia,AUS,2021,97.13019
Australia,AUS,2022,96.87366
Austria,AUT,1955,177.81708
Austria,AUT,1956,180.74956
Austria,AUT,1957,183.02928
Austria,AUT,1958,182.52156
Austria,AUT,1959,181.18207
Austria,AUT,1960,179.162
Austria,AUT,1961,181.41104
Austria,AUT,1962,176.81493
Austria,AUT,1963,179.1259
Austria,AUT,1964,178.38644
Austria,AUT,1965,180.65598
Austria,AUT,1966,179.5397
Austria,AUT,1967,178.76674
Austria,AUT,1968,178.52206
Austria,AUT,1969,174.61613
Austria,AUT,1970,176.23653
Austria,AUT,1971,174.44449
Austria,AUT,1972,171.67715
Austria,AUT,1973,170.54298
Austria,AUT,1974,171.5155
Austria,AUT,1975,167.18039
Austria,AUT,1976,167.18362
Austria,AUT,1977,165.27246
Austria,AUT,1978,163.46968
Austria,AUT,1979,162.36653
Austria,AUT,1980,164.5357
Austria,AUT,1981,161.90685
Austria,AUT,1982,161.16101
Austria,AUT,1983,158.95403
Austria,AUT,1984,161.85666
Austria,AUT,1985,156.33258
Austria,AUT,1986,155.20453
Austria,AUT,1987,156.87125
Austria,AUT,1988,154.9832
Austria,AUT,1989,154.61488
Austria,AUT,1990,154.31914
Austria,AUT,1991,153.83688
Austria,AUT,1992,153.18625
Austria,AUT,1993,153.2687
Austria,AUT,1994,148.10364
Austria,AUT,1995,146.28763
Austria,AUT,1996,143.11415
Austria,AUT,1997,141.60034
Austria,AUT,1998,138.47171
Austria,AUT,1999,137.03441
Austria,AUT,2000,135.19743
Austria,AUT,2001,131.16522
Austria,AUT,2002,130.01958
Austria,AUT,2003,132.09761
Austria,AUT,2004,130.65654
Austria,AUT,2005,126.88228
Austria,AUT,2006,123.77113
Austria,AUT,2007,121.3494
Austria,AUT,2008,123.20219
Austria,AUT,2009,120.74894
Austria,AUT,2010,118.83507
Austria,AUT,2011,118.20728
Austria,AUT,2012,117.719505
Austria,AUT,2013,114.21804
Austria,AUT,2014,114.97315
Austria,AUT,2015,111.45615
Austria,AUT,2016,108.893906
Austria,AUT,2017,106.813774
Austria,AUT,2018,106.57198
Austria,AUT,2019,103.612495
Austria,AUT,2020,103.42078
Austria,AUT,2021,100.462685
Austria,AUT,2022,98.657196
Belgium,BEL,1954,155.69035
Belgium,BEL,1955,157.88737
Belgium,BEL,1956,157.37051
Belgium,BEL,1957,158.7727
Belgium,BEL,1958,160.06854
Belgium,BEL,1959,161.17749
Belgium,BEL,1960,167.3079
Belgium,BEL,1961,165.74046
Belgium,BEL,1962,170.13353
Belgium,BEL,1963,172.1764
Belgium,BEL,1964,167.60376
Belgium,BEL,1965,170.12035
Belgium,BEL,1966,170.79837
Belgium,BEL,1967,171.98877
Belgium,BEL,1968,173.23203
Belgium,BEL,1969,171.86823
Belgium,BEL,1970,171.261
Belgium,BEL,1971,174.24174
Belgium,BEL,1972,173.31131
Belgium,BEL,1973,173.84552
Belgium,BEL,1974,172.23451
Belgium,BEL,1975,174.45
Belgium,BEL,1976,172.31024
Belgium,BEL,1977,173.82922
Belgium,BEL,1978,182.12793
Belgium,BEL,1979,177.76244
Belgium,BEL,1980,178.3569
Belgium,BEL,1981,180.27763
Belgium,BEL,1982,177.11351
Belgium,BEL,1983,177.37054
Belgium,BEL,1984,176.04755
Belgium,BEL,1985,174.71414
Belgium,BEL,1986,172.22366
Belgium,BEL,1987,169.9685
Belgium,BEL,1988,171.06444
Belgium,BEL,1989,169.0051
Belgium,BEL,1990,164.92291
Belgium,BEL,1991,164.05786
Belgium,BEL,1992,164.39563
Belgium,BEL,1993,164.116
Belgium,BEL,1994,162.77193
Belgium,BEL,1995,163.16797
Belgium,BEL,1996,157.72824
Belgium,BEL,1997,158.0214
Belgium,BEL,1998,153.12563
Belgium,BEL,1999,147.81287
Belgium,BEL,2000,143.22777
Belgium,BEL,2001,142.01823
Belgium,BEL,2002,140.13516
Belgium,BEL,2003,135.8446
Belgium,BEL,2004,132.81813
Belgium,BEL,2005,133.25697
Belgium,BEL,2006,129.7918
Belgium,BEL,2007,130.05914
Belgium,BEL,2008,130.75876
Belgium,BEL,2009,127.16798
Belgium,BEL,2010,126.85177
Belgium,BEL,2011,124.89428
Belgium,BEL,2012,121.08854
Belgium,BEL,2013,119.73369
Belgium,BEL,2014,116.273186
Belgium,BEL,2015,114.88518
Belgium,BEL,2016,112.34873
Belgium,BEL,2017,108.330284
Belgium,BEL,2018,103.92921
Belgium,BEL,2019,103.05496
Belgium,BEL,2020,100.320946
Belgium,BEL,2021,98.72862
Canada,CAN,1951,139.26344
Canada,CAN,1952,141.12642
Canada,CAN,1953,141.9818
Canada,CAN,1954,142.49196
Canada,CAN,1955,143.70918
Canada,CAN,1956,143.61813
Canada,CAN,1957,144.03107
Canada,CAN,1958,143.77731
Canada,CAN,1959,142.8462
Canada,CAN,1960,145.7969
Canada,CAN,1961,143.02417
Canada,CAN,1962,145.06271
Canada,CAN,1963,145.10367
Canada,CAN,1964,145.0838
Canada,CAN,1965,144.36794
Canada,CAN,1966,144.83226
Canada,CAN,1967,147.5772
Canada,CAN,1968,147.5507
Canada,CAN,1969,149.35292
Canada,CAN,1970,150.64835
Canada,CAN,1971,147.80153
Canada,CAN,1972,150.4891
Canada,CAN,1973,151.04378
Canada,CAN,1974,150.67735
Canada,CAN,1975,148.24823
Canada,CAN,1976,149.51016
Canada,CAN,1977,148.56206
Canada,CAN,1978,149.48297
Canada,CAN,1979,151.5933
Canada,CAN,1980,151.25217
Canada,CAN,1981,149.604
Canada,CAN,1982,155.49448
Canada,CAN,1983,150.02724
Canada,CAN,1984,152.73323
Canada,CAN,1985,153.98726
Canada,CAN,1986,155.83867
Canada,CAN,1987,155.29715
Canada,CAN,1988,157.52235
Canada,CAN,1989,155.19302
Canada,CAN,1990,154.94478
Canada,CAN,1991,153.40154
Canada,CAN,1992,149.76346
Canada,CAN,1993,148.86331
Canada,CAN,1994,148.30305
Canada,CAN,1995,145.19714
Canada,CAN,1996,147.1152
Canada,CAN,1997,142.06258
Canada,CAN,1998,143.12909
Canada,CAN,1999,141.80484
Canada,CAN,2000,140.57115
Canada,CAN,2001,139.36568
Canada,CAN,2002,138.31282
Canada,CAN,2003,136.31177
Canada,CAN,2004,134.74358
Canada,CAN,2005,131.90208
Canada,CAN,2006,129.06772
Canada,CAN,2007,128.74348
Canada,CAN,2008,126.70974
Canada,CAN,2009,123.87558
Canada,CAN,2010,121.21934
Canada,CAN,2011,118.85915
Canada,CAN,2012,118.39251
Canada,CAN,2013,116.10826
Canada,CAN,2014,115.61198
Canada,CAN,2015,112.35486
Canada,CAN,2016,111.55834
Canada,CAN,2017,109.56867
Canada,CAN,2018,106.041534
Canada,CAN,2019,104.03259
Canada,CAN,2020,102.07739
Canada,CAN,2021,101.02199
Canada,CAN,2022,98.01796
Denmark,DNK,1951,163.6834
Denmark,DNK,1952,165.01785
Denmark,DNK,1953,169.18153
Denmark,DNK,1954,171.99954
Denmark,DNK,1955,168.10724
Denmark,DNK,1956,171.11772
Denmark,DNK,1957,172.2193
Denmark,DNK,1958,171.73816
Denmark,DNK,1959,177.39917
Denmark,DNK,1960,173.49673
Denmark,DNK,1961,174.73744
Denmark,DNK,1962,174.20824
Denmark,DNK,1963,177.47661
Denmark,DNK,1964,175.97133
Denmark,DNK,1965,177.03882
Denmark,DNK,1966,168.73315
Denmark,DNK,1967,165.12642
Denmark,DNK,1968,164.04521
Denmark,DNK,1969,166.60117
Denmark,DNK,1970,165.49242
Denmark,DNK,1971,172.02226
Denmark,DNK,1972,173.81157
Denmark,DNK,1973,168.4574
Denmark,DNK,1974,163.90637
Denmark,DNK,1975,165.92064
Denmark,DNK,1976,171.27635
Denmark,DNK,1977,168.4996
Denmark,DNK,1978,172.43622
Denmark,DNK,1979,175.09904
Denmark,DNK,1980,178.47801
Denmark,DNK,1981,175.88434
Denmark,DNK,1982,173.40996
Denmark,DNK,1983,183.67668
Denmark,DNK,1984,179.54301
Denmark,DNK,1985,178.10893
Denmark,DNK,1986,178.42699
Denmark,DNK,1987,177.86627
Denmark,DNK,1988,180.58557
Denmark,DNK,1989,177.9542
Denmark,DNK,1990,177.58614
Denmark,DNK,1991,175.25099
Denmark,DNK,1992,175.87437
Denmark,DNK,1993,178.22075
Denmark,DNK,1994,179.98509
Denmark,DNK,1995,179.11816
Denmark,DNK,1996,173.56319
Denmark,DNK,1997,173.58836
Denmark,DNK,1998,169.43248
Denmark,DNK,1999,172.35997
Denmark,DNK,2000,169.91495
Denmark,DNK,2001,166.92233
Denmark,DNK,2002,160.8321
Denmark,DNK,2003,158.40169
Denmark,DNK,2004,158.83855
Denmark,DNK,2005,157.7513
Denmark,DNK,2006,158.3554
Denmark,DNK,2007,151.66928
Denmark,DNK,2008,149.18405
Denmark,DNK,2009,144.07698
Denmark,DNK,2010,145.95876
Denmark,DNK,2011,141.39964
Denmark,DNK,2012,141.1209
Denmark,DNK,2013,135.6875
Denmark,DNK,2014,133.53877
Denmark,DNK,2015,130.73848
Denmark,DNK,2016,132.17752
Denmark,DNK,2017,125.69718
Denmark,DNK,2018,121.04418
Denmark,DNK,2019,123.59832
Denmark,DNK,2020,118.056694
Denmark,DNK,2021,112.35822
Denmark,DNK,2022,112.96751
Finland,FIN,1952,167.43764
Finland,FIN,1953,168.61703
Finland,FIN,1954,164.48984
Finland,FIN,1955,163.3343
Finland,FIN,1956,161.69858
Finland,FIN,1957,167.6271
Finland,FIN,1958,163.97882
Finland,FIN,1959,163.35213
Finland,FIN,1960,165.22646
Finland,FIN,1961,163.07253
Finland,FIN,1962,157.92886
Finland,FIN,1963,161.26477
Finland,FIN,1964,162.55237
Finland,FIN,1965,157.82407
Finland,FIN,1966,157.0955
Finland,FIN,1967,155.57468
Finland,FIN,1968,160.31482
Finland,FIN,1969,160.65814
Finland,FIN,1970,156.3491
Finland,FIN,1971,158.5651
Finland,FIN,1972,153.44041
Finland,FIN,1973,152.16565
Finland,FIN,1974,152.33495
Finland,FIN,1975,148.25192
Finland,FIN,1976,151.36682
Finland,FIN,1977,147.76054
Finland,FIN,1978,149.10309
Finland,FIN,1979,149.45796
Finland,FIN,1980,145.4584
Finland,FIN,1981,145.04294
Finland,FIN,1982,140.77797
Finland,FIN,1983,143.31735
Finland,FIN,1984,141.16753
Finland,FIN,1985,139.39398
Finland,FIN,1986,136.8225
Finland,FIN,1987,134.72592
Finland,FIN,1988,134.04092
Finland,FIN,1989,133.40826
Finland,FIN,1990,131.90497
Finland,FIN,1991,127.54838
Finland,FIN,1992,129.60947
Finland,FIN,1993,129.01852
Finland,FIN,1994,123.04244
Finland,FIN,1995,124.54756
Finland,FIN,1996,122.297066
Finland,FIN,1997,121.72051
Finland,FIN,1998,120.417336
Finland,FIN,1999,117.95293
Finland,FIN,2000,116.115135
Finland,FIN,2001,114.63212
Finland,FIN,2002,111.665054
Finland,FIN,2003,111.43909
Finland,FIN,2004,109.96323
Finland,FIN,2005,109.17647
Finland,FIN,2006,107.27517
Finland,FIN,2007,105.741
Finland,FIN,2008,104.73005
Finland,FIN,2009,102.690056
Finland,FIN,2010,105.88134
Finland,FIN,2011,102.94534
Finland,FIN,2012,102.32629
Finland,FIN,2013,101.635796
Finland,FIN,2014,98.68556
Finland,FIN,2015,98.66112
Finland,FIN,2016,99.0899
Finland,FIN,2017,97.87481
Finland,FIN,2018,95.38075
Finland,FIN,2019,95.75032
Finland,FIN,2020,94.683266
Finland,FIN,2021,93.7408
Finland,FIN,2022,91.519485
France,FRA,1951,134.8921
France,FRA,1952,140.58078
France,FRA,1953,139.9933
France,FRA,1954,140.65436
France,FRA,1955,141.29353
France,FRA,1956,143.40096
France,FRA,1957,145.2973
France,FRA,1958,146.6053
France,FRA,1959,147.0687
France,FRA,1960,149.26286
France,FRA,1961,149.31892
France,FRA,1962,150.7052
France,FRA,1963,153.43538
France,FRA,1964,153.58205
France,FRA,1965,153.37729
France,FRA,1966,155.27155
France,FRA,1967,154.94458
France,FRA,1968,156.90987
France,FRA,1969,151.6476
France,FRA,1970,148.8401
France,FRA,1971,151.74152
France,FRA,1972,154.50168
France,FRA,1973,154.21838
France,FRA,1974,157.09615
France,FRA,1975,156.40973
France,FRA,1976,158.41098
France,FRA,1977,156.99542
France,FRA,1978,158.12381
France,FRA,1979,158.0532
France,FRA,1980,157.83023
France,FRA,1981,158.69795
France,FRA,1982,157.92107
France,FRA,1983,158.28056
France,FRA,1984,158.97095
France,FRA,1985,158.10246
France,FRA,1986,161.70953
France,FRA,1987,158.33351
France,FRA,1988,157.77425
France,FRA,1989,157.25058
France,FRA,1990,154.58832
France,FRA,1991,153.98978
France,FRA,1992,153.79353
France,FRA,1993,152.99083
France,FRA,1994,149.22333
France,FRA,1995,148.13538
France,FRA,1996,147.19441
France,FRA,1997,144.20316
France,FRA,1998,147.37868
France,FRA,1999,145.81454
France,FRA,2000,143.25089
France,FRA,2001,141.87491
France,FRA,2002,141.03096
France,FRA,2003,138.98528
France,FRA,2004,135.68227
France,FRA,2005,134.9738
France,FRA,2006,131.46121
France,FRA,2007,128.95006
France,FRA,2008,127.663994
France,FRA,2009,126.69309
France,FRA,2010,123.92268
France,FRA,2011,121.30128
France,FRA,2012,119.34741
France,FRA,2013,116.27873
France,FRA,2014,116.626
France,FRA,2015,116.05708
France,FRA,2016,114.820946
France,FRA,2017,112.73597
France,FRA,2018,109.71988
France,FRA,2019,108.23072
France,FRA,2020,105.83187
France,FRA,2021,103.66093
France,FRA,2022,103.02624
Italy,ITA,1951,113.04732
Italy,ITA,1952,115.97126
Italy,ITA,1953,117.13235
Italy,ITA,1954,119.74177
Italy,ITA,1955,121.66285
Italy,ITA,1956,126.92989
Italy,ITA,1957,127.05077
Italy,ITA,1958,126.35219
Italy,ITA,1959,129.60698
Italy,ITA,1960,133.76485
Italy,ITA,1961,132.10411
Italy,ITA,1962,134.6122
Italy,ITA,1963,137.15715
Italy,ITA,1964,139.56564
Italy,ITA,1965,141.61578
Italy,ITA,1966,141.756
Italy,ITA,1967,141.88857
Italy,ITA,1968,145.2444
Italy,ITA,1969,149.02377
Italy,ITA,1970,146.56268
Italy,ITA,1971,149.31175
Italy,ITA,1972,150.769
Italy,ITA,1973,153.09276
Italy,ITA,1974,148.61269
Italy,ITA,1975,148.74098
Italy,ITA,1976,150.0962
Italy,ITA,1977,150.76793
Italy,ITA,1978,151.40442
Italy,ITA,1979,153.26941
Italy,ITA,1980,153.6465
Italy,ITA,1981,152.96191
Italy,ITA,1982,157.7792
Italy,ITA,1983,160.83952
Italy,ITA,1984,158.7546
Italy,ITA,1985,159.23405
Italy,ITA,1986,158.48045
Italy,ITA,1987,160.78764
Italy,ITA,1988,160.78201
Italy,ITA,1989,157.59372
Italy,ITA,1990,156.88824
Italy,ITA,1991,157.11826
Italy,ITA,1992,155.74516
Italy,ITA,1993,154.71898
Italy,ITA,1994,153.95592
Italy,ITA,1995,146.8759
Italy,ITA,1996,145.91896
Italy,ITA,1997,143.5786
Italy,ITA,1998,142.52162
Italy,ITA,1999,138.86185
Italy,ITA,2000,138.19707
Italy,ITA,2001,138.11337
Italy,ITA,2002,134.15465
Italy,ITA,2003,133.03406
Italy,ITA,2004,131.19513
Italy,ITA,2005,128.17165
Italy,ITA,2006,126.12934
Italy,ITA,2007,125.18814
Italy,ITA,2008,123.306145
Italy,ITA,2009,122.23815
Italy,ITA,2010,119.86725
Italy,ITA,2011,120.00093
Italy,ITA,2012,118.96639
Italy,ITA,2013,115.131004
Italy,ITA,2014,112.98676
Italy,ITA,2015,111.85179
Italy,ITA,2016,109.984024
Italy,ITA,2017,108.33343
Italy,ITA,2018,107.72713
Italy,ITA,2019,104.0509
Italy,ITA,2020,102.924934
Italy,ITA,2021,100.238464
Italy,ITA,2022,96.73277
Japan,JPN,1951,109.78064
Japan,JPN,1952,112.42415
Japan,JPN,1953,113.33257
Japan,JPN,1954,116.25162
Japan,JPN,1955,117.4922
Japan,JPN,1956,121.27075
Japan,JPN,1957,120.64025
Japan,JPN,1958,125.04889
Japan,JPN,1959,127.05447
Japan,JPN,1960,127.931496
Japan,JPN,1961,127.97165
Japan,JPN,1962,127.207886
Japan,JPN,1963,128.99417
Japan,JPN,1964,129.48872
Japan,JPN,1965,129.50676
Japan,JPN,1966,130.11142
Japan,JPN,1967,130.4073
Japan,JPN,1968,130.45364
Japan,JPN,1969,130.80771
Japan,JPN,1970,128.75749
Japan,JPN,1971,128.11243
Japan,JPN,1972,127.810585
Japan,JPN,1973,128.0175
Japan,JPN,1974,127.81741
Japan,JPN,1975,125.55228
Japan,JPN,1976,126.210594
Japan,JPN,1977,126.299866
Japan,JPN,1978,126.388405
Japan,JPN,1979,127.23031
Japan,JPN,1980,127.52545
Japan,JPN,1981,127.30683
Japan,JPN,1982,125.916916
Japan,JPN,1983,126.9156
Japan,JPN,1984,127.35947
Japan,JPN,1985,127.09856
Japan,JPN,1986,125.12734
Japan,JPN,1987,125.80697
Japan,JPN,1988,125.416466
Japan,JPN,1989,125.77479
Japan,JPN,1990,124.38491
Japan,JPN,1991,123.89791
Japan,JPN,1992,124.25462
Japan,JPN,1993,122.36612
Japan,JPN,1994,122.64952
Japan,JPN,1995,127.99974
Japan,JPN,1996,127.70824
Japan,JPN,1997,125.428604
Japan,JPN,1998,125.11161
Japan,JPN,1999,124.08057
Japan,JPN,2000,121.9553
Japan,JPN,2001,119.95424
Japan,JPN,2002,117.21168
Japan,JPN,2003,115.32523
Japan,JPN,2004,116.01463
Japan,JPN,2005,113.64782
Japan,JPN,2006,111.74882
Japan,JPN,2007,110.498886
Japan,JPN,2008,109.461525
Japan,JPN,2009,106.65746
Japan,JPN,2010,106.21891
Japan,JPN,2011,105.11848
Japan,JPN,2012,103.25915
Japan,JPN,2013,101.91463
Japan,JPN,2014,100.50074
Japan,JPN,2015,98.53408
Japan,JPN,2016,97.169075
Japan,JPN,2017,94.65159
Japan,JPN,2018,92.56367
Japan,JPN,2019,91.2651
Japan,JPN,2020,90.00182
Japan,JPN,2021,89.33339
Japan,JPN,2022,89.0113
Netherlands,NLD,1951,158.55954
Netherlands,NLD,1952,158.5807
Netherlands,NLD,1953,156.737
Netherlands,NLD,1954,159.36285
Netherlands,NLD,1955,156.60721
Netherlands,NLD,1956,158.54697
Netherlands,NLD,1957,157.15704
Netherlands,NLD,1958,159.49223
Netherlands,NLD,1959,158.21808
Netherlands,NLD,1960,161.49335
Netherlands,NLD,1961,162.36867
Netherlands,NLD,1962,161.74733
Netherlands,NLD,1963,165.9327
Netherlands,NLD,1964,168.44418
Netherlands,NLD,1965,167.47021
Netherlands,NLD,1966,169.75204
Netherlands,NLD,1967,171.23979
Netherlands,NLD,1968,176.1192
Netherlands,NLD,1969,172.59639
Netherlands,NLD,1970,170.94696
Netherlands,NLD,1971,169.83311
Netherlands,NLD,1972,170.77101
Netherlands,NLD,1973,173.73239
Netherlands,NLD,1974,171.9347
Netherlands,NLD,1975,173.39018
Netherlands,NLD,1976,170.54291
Netherlands,NLD,1977,167.5981
Netherlands,NLD,1978,171.57068
Netherlands,NLD,1979,171.0269
Netherlands,NLD,1980,169.55193
Netherlands,NLD,1981,171.37924
Netherlands,NLD,1982,169.59973
Netherlands,NLD,1983,168.54274
Netherlands,NLD,1984,169.12872
Netherlands,NLD,1985,168.54198
Netherlands,NLD,1986,169.46376
Netherlands,NLD,1987,171.72563
Netherlands,NLD,1988,170.25435
Netherlands,NLD,1989,167.70718
Netherlands,NLD,1990,164.13705
Netherlands,NLD,1991,163.72491
Netherlands,NLD,1992,162.55573
Netherlands,NLD,1993,162.72473
Netherlands,NLD,1994,160.6738
Netherlands,NLD,1995,158.1508
Netherlands,NLD,1996,159.15204
Netherlands,NLD,1997,156.29947
Netherlands,NLD,1998,154.56334
Netherlands,NLD,1999,155.80373
Netherlands,NLD,2000,151.83083
Netherlands,NLD,2001,148.82967
Netherlands,NLD,2002,148.25182
Netherlands,NLD,2003,146.0551
Netherlands,NLD,2004,146.16106
Netherlands,NLD,2005,144.75742
Netherlands,NLD,2006,142.42627
Netherlands,NLD,2007,140.26364
Netherlands,NLD,2008,140.8649
Netherlands,NLD,2009,139.23988
Netherlands,NLD,2010,139.49185
Netherlands,NLD,2011,137.922
Netherlands,NLD,2012,136.12907
Netherlands,NLD,2013,129.49486
Netherlands,NLD,2014,128.06621
Netherlands,NLD,2015,128.56233
Netherlands,NLD,2016,128.61073
Netherlands,NLD,2017,124.31666
Netherlands,NLD,2018,117.85316
Netherlands,NLD,2019,114.38801
Netherlands,NLD,2020,113.45143
Netherlands,NLD,2021,113.625916
Netherlands,NLD,2022,112.17848
Spain,ESP,1951,86.34555
Spain,ESP,1952,89.426834
Spain,ESP,1953,90.726456
Spain,ESP,1954,94.42663
Spain,ESP,1955,101.84283
Spain,ESP,1956,105.00893
Spain,ESP,1957,106.77839
Spain,ESP,1958,104.48957
Spain,ESP,1959,107.769684
Spain,ESP,1960,117.04216
Spain,ESP,1961,118.76514
Spain,ESP,1962,122.87579
Spain,ESP,1963,121.90749
Spain,ESP,1964,123.22332
Spain,ESP,1965,121.89576
Spain,ESP,1966,121.52982
Spain,ESP,1967,125.43822
Spain,ESP,1968,121.42549
Spain,ESP,1969,118.42245
Spain,ESP,1970,122.0551
Spain,ESP,1971,124.200096
Spain,ESP,1972,123.19934
Spain,ESP,1973,126.01861
Spain,ESP,1974,127.99233
Spain,ESP,1975,131.19554
Spain,ESP,1976,127.7413
Spain,ESP,1977,127.61773
Spain,ESP,1978,128.83177
Spain,ESP,1979,128.38284
Spain,ESP,1980,126.05956
Spain,ESP,1981,126.14496
Spain,ESP,1982,127.258896
Spain,ESP,1983,127.927925
Spain,ESP,1984,130.7351
Spain,ESP,1985,128.90009
Spain,ESP,1986,129.78369
Spain,ESP,1987,133.19373
Spain,ESP,1988,135.12433
Spain,ESP,1989,135.01955
Spain,ESP,1990,135.8292
Spain,ESP,1991,136.77217
Spain,ESP,1992,136.89293
Spain,ESP,1993,137.47147
Spain,ESP,1994,138.62163
Spain,ESP,1995,138.5985
Spain,ESP,1996,135.5925
Spain,ESP,1997,135.41061
Spain,ESP,1998,135.0365
Spain,ESP,1999,133.93208
Spain,ESP,2000,130.98589
Spain,ESP,2001,131.55923
Spain,ESP,2002,128.8244
Spain,ESP,2003,128.31894
Spain,ESP,2004,126.043205
Spain,ESP,2005,122.64864
Spain,ESP,2006,121.49206
Spain,ESP,2007,120.41242
Spain,ESP,2008,118.427284
Spain,ESP,2009,117.08666
Spain,ESP,2010,116.50397
Spain,ESP,2011,116.34449
Spain,ESP,2012,114.27358
Spain,ESP,2013,112.23747
Spain,ESP,2014,109.279015
Spain,ESP,2015,108.09632
Spain,ESP,2016,107.54715
Spain,ESP,2017,105.91295
Spain,ESP,2018,103.7612
Spain,ESP,2019,101.35696
Spain,ESP,2020,99.58743
Spain,ESP,2021,98.48598
Spain,ESP,2022,97.90405
Sweden,SWE,1951,129.20607
Sweden,SWE,1952,133.4918
Sweden,SWE,1953,133.4437
Sweden,SWE,1954,128.26355
Sweden,SWE,1955,131.15996
Sweden,SWE,1956,132.36748
Sweden,SWE,1957,132.66446
Sweden,SWE,1958,134.15364
Sweden,SWE,1959,136.14606
Sweden,SWE,1960,138.7652
Sweden,SWE,1961,136.29262
Sweden,SWE,1962,139.19252
Sweden,SWE,1963,137.9424
Sweden,SWE,1964,136.64442
Sweden,SWE,1965,132.58963
Sweden,SWE,1966,132.71562
Sweden,SWE,1967,132.43854
Sweden,SWE,1968,133.6861
Sweden,SWE,1969,137.63614
Sweden,SWE,1970,136.34593
Sweden,SWE,1971,143.01253
Sweden,SWE,1972,147.64656
Sweden,SWE,1973,146.32875
Sweden,SWE,1974,148.09462
Sweden,SWE,1975,147.9565
Sweden,SWE,1976,146.09909
Sweden,SWE,1977,146.07726
Sweden,SWE,1978,144.79506
Sweden,SWE,1979,143.86005
Sweden,SWE,1980,141.42126
Sweden,SWE,1981,133.84715
Sweden,SWE,1982,132.0518
Sweden,SWE,1983,129.25822
Sweden,SWE,1984,129.54976
Sweden,SWE,1985,130.2737
Sweden,SWE,1986,126.80805
Sweden,SWE,1987,127.4017
Sweden,SWE,1988,129.74373
Sweden,SWE,1989,126.579865
Sweden,SWE,1990,127.527695
Sweden,SWE,1991,127.22694
Sweden,SWE,1992,126.01808
Sweden,SWE,1993,125.47446
Sweden,SWE,1994,122.34891
Sweden,SWE,1995,123.4738
Sweden,SWE,1996,122.57353
Sweden,SWE,1997,124.13708
Sweden,SWE,1998,121.746315
Sweden,SWE,1999,120.73271
Sweden,SWE,2000,120.147064
Sweden,SWE,2001,120.55032
Sweden,SWE,2002,118.18437
Sweden,SWE,2003,118.914375
Sweden,SWE,2004,118.86846
Sweden,SWE,2005,117.79451
Sweden,SWE,2006,116.29833
Sweden,SWE,2007,113.67451
Sweden,SWE,2008,112.030235
Sweden,SWE,2009,110.519325
Sweden,SWE,2010,107.43476
Sweden,SWE,2011,106.5414
Sweden,SWE,2012,106.31364
Sweden,SWE,2013,105.18007
Sweden,SWE,2014,104.07742
Sweden,SWE,2015,103.28113
Sweden,SWE,2016,100.2047
Sweden,SWE,2017,100.268875
Sweden,SWE,2018,96.34765
Sweden,SWE,2019,94.47089
Sweden,SWE,2020,92.60232
Sweden,SWE,2021,88.990524
Sweden,SWE,2022,87.73611
Switzerland,CHE,1951,170.67859
Switzerland,CHE,1952,165.5417
Switzerland,CHE,1953,167.31429
Switzerland,CHE,1954,163.63263
Switzerland,CHE,1955,163.28775
Switzerland,CHE,1956,163.63501
Switzerland,CHE,1957,162.98201
Switzerland,CHE,1958,162.7818
Switzerland,CHE,1959,163.13972
Switzerland,CHE,1960,157.99953
Switzerland,CHE,1961,159.36136
Switzerland,CHE,1962,158.44843
Switzerland,CHE,1963,157.65724
Switzerland,CHE,1964,157.42314
Switzerland,CHE,1965,157.94408
Switzerland,CHE,1966,155.05263
Switzerland,CHE,1967,158.7452
Switzerland,CHE,1968,157.69286
Switzerland,CHE,1969,158.65912
Switzerland,CHE,1970,157.67073
Switzerland,CHE,1971,161.39786
Switzerland,CHE,1972,159.54826
Switzerland,CHE,1973,161.09079
Switzerland,CHE,1974,154.79677
Switzerland,CHE,1975,156.11801
Switzerland,CHE,1976,155.90611
Switzerland,CHE,1977,154.42215
Switzerland,CHE,1978,154.02998
Switzerland,CHE,1979,151.41133
Switzerland,CHE,1980,150.48729
Switzerland,CHE,1981,157.13994
Switzerland,CHE,1982,155.08446
Switzerland,CHE,1983,156.56796
Switzerland,CHE,1984,154.01682
Switzerland,CHE,1985,156.30266
Switzerland,CHE,1986,152.0273
Switzerland,CHE,1987,150.90018
Switzerland,CHE,1988,149.97829
Switzerland,CHE,1989,147.87408
Switzerland,CHE,1990,147.66594
Switzerland,CHE,1991,147.53
Switzerland,CHE,1992,145.58752
Switzerland,CHE,1993,142.18929
Switzerland,CHE,1994,139.25497
Switzerland,CHE,1995,130.7292
Switzerland,CHE,1996,126.25478
Switzerland,CHE,1997,125.55086
Switzerland,CHE,1998,123.589066
Switzerland,CHE,1999,120.73274
Switzerland,CHE,2000,123.43791
Switzerland,CHE,2001,120.26303
Switzerland,CHE,2002,115.44551
Switzerland,CHE,2003,115.869026
Switzerland,CHE,2004,114.02333
Switzerland,CHE,2005,111.683624
Switzerland,CHE,2006,110.84012
Switzerland,CHE,2007,111.45645
Switzerland,CHE,2008,107.93051
Switzerland,CHE,2009,106.60698
Switzerland,CHE,2010,105.22289
Switzerland,CHE,2011,104.51402
Switzerland,CHE,2012,102.093544
Switzerland,CHE,2013,100.702385
Switzerland,CHE,2014,98.81
Switzerland,CHE,2015,99.40372
Switzerland,CHE,2016,96.50522
Switzerland,CHE,2017,94.43297
Switzerland,CHE,2018,93.50166
Switzerland,CHE,2019,89.43811
Switzerland,CHE,2020,85.159
Switzerland,CHE,2021,83.0821
Switzerland,CHE,2022,82.60481
United Kingdom,GBR,1951,156.8317
United Kingdom,GBR,1952,157.59587
United Kingdom,GBR,1953,156.57422
United Kingdom,GBR,1954,158.21255
United Kingdom,GBR,1955,158.47493
United Kingdom,GBR,1956,158.96487
United Kingdom,GBR,1957,158.4167
United Kingdom,GBR,1958,159.73636
United Kingdom,GBR,1959,160.2637
United Kingdom,GBR,1960,160.25688
United Kingdom,GBR,1961,160.09996
United Kingdom,GBR,1962,161.05467
United Kingdom,GBR,1963,161.3545
United Kingdom,GBR,1964,162.4152
United Kingdom,GBR,1965,162.85732
United Kingdom,GBR,1966,163.61678
United Kingdom,GBR,1967,163.99289
United Kingdom,GBR,1968,166.82191
United Kingdom,GBR,1969,167.9473
United Kingdom,GBR,1970,167.58553
United Kingdom,GBR,1971,166.66495
United Kingdom,GBR,1972,167.56357
United Kingdom,GBR,1973,168.0328
United Kingdom,GBR,1974,168.78804
United Kingdom,GBR,1975,167.82785
United Kingdom,GBR,1976,170.59984
United Kingdom,GBR,1977,168.81918
United Kingdom,GBR,1978,170.20354
United Kingdom,GBR,1979,170.4813
United Kingdom,GBR,1980,169.55959
United Kingdom,GBR,1981,166.6462
United Kingdom,GBR,1982,166.69409
United Kingdom,GBR,1983,168.41241
United Kingdom,GBR,1984,173.01459
United Kingdom,GBR,1985,172.43658
United Kingdom,GBR,1986,170.47897
United Kingdom,GBR,1987,170.61792
United Kingdom,GBR,1988,171.51552
United Kingdom,GBR,1989,170.94792
United Kingdom,GBR,1990,168.82921
United Kingdom,GBR,1991,167.45244
United Kingdom,GBR,1992,166.68095
United Kingdom,GBR,1993,162.85098
United Kingdom,GBR,1994,160.51663
United Kingdom,GBR,1995,158.056
United Kingdom,GBR,1996,155.26538
United Kingdom,GBR,1997,151.5354
United Kingdom,GBR,1998,150.77625
United Kingdom,GBR,1999,147.34549
United Kingdom,GBR,2000,144.53355
United Kingdom,GBR,2001,146.43669
United Kingdom,GBR,2002,145.14964
United Kingdom,GBR,2003,142.45438
United Kingdom,GBR,2004,139.94664
United Kingdom,GBR,2005,138.00128
United Kingdom,GBR,2006,137.00809
United Kingdom,GBR,2007,135.89929
United Kingdom,GBR,2008,134.27702
United Kingdom,GBR,2009,131.5915
United Kingdom,GBR,2010,130.03084
United Kingdom,GBR,2011,129.06073
United Kingdom,GBR,2012,128.6588
United Kingdom,GBR,2013,126.25813
United Kingdom,GBR,2014,124.72168
United Kingdom,GBR,2015,123.351006
United Kingdom,GBR,2016,122.72516
United Kingdom,GBR,2017,119.9948
United Kingdom,GBR,2018,121.38994
United Kingdom,GBR,2019,116.20921
United Kingdom,GBR,2020,114.84977
United Kingdom,GBR,2021,109.75107
United States,USA,1951,139.72354
United States,USA,1952,141.27036
United States,USA,1953,141.49948
United States,USA,1954,141.22122
United States,USA,1955,141.21388
United States,USA,1956,141.89107
United States,USA,1957,141.8789
United States,USA,1958,139.66469
United States,USA,1959,139.58078
United States,USA,1960,141.07108
United States,USA,1961,140.59435
United States,USA,1962,140.62996
United States,USA,1963,141.70555
United States,USA,1964,141.33353
United States,USA,1965,142.72743
United States,USA,1966,143.30132
United States,USA,1967,144.12642
United States,USA,1968,145.27016
United States,USA,1969,144.89545
United States,USA,1970,145.7533
United States,USA,1971,144.85208
United States,USA,1972,145.94026
United States,USA,1973,145.90549
United States,USA,1974,147.16289
United States,USA,1975,144.70374
United States,USA,1976,146.18571
United States,USA,1977,146.74261
United States,USA,1978,147.53032
United States,USA,1979,146.68095
United States,USA,1980,148.34332
United States,USA,1981,147.61397
United States,USA,1982,148.82741
United States,USA,1983,149.93874
United States,USA,1984,150.07083
United States,USA,1985,150.20029
United States,USA,1986,150.06197
United States,USA,1987,149.79605
United States,USA,1988,149.76562
United States,USA,1989,150.33247
United States,USA,1990,152.73228
United States,USA,1991,152.13118
United States,USA,1992,150.85713
United States,USA,1993,150.61853
United States,USA,1994,149.48247
United States,USA,1995,148.0002
United States,USA,1996,145.92844
United States,USA,1997,143.40282
United States,USA,1998,141.01329
United States,USA,1999,140.67679
United States,USA,2000,137.92169
United States,USA,2001,135.46497
United States,USA,2002,133.66238
United States,USA,2003,131.21318
United States,USA,2004,128.24155
United States,USA,2005,126.78566
United States,USA,2006,124.679344
United States,USA,2007,122.715294
United States,USA,2008,121.69535
United States,USA,2009,119.54206
United States,USA,2010,118.069984
United States,USA,2011,115.7902
United States,USA,2012,114.47089
United States,USA,2013,112.31933
United States,USA,2014,111.020515
United States,USA,2015,109.13923
United States,USA,2016,106.98014
United States,USA,2017,104.64722
United States,USA,2018,102.31732
United States,USA,2019,99.95339
United States,USA,2020,98.2412
United States,USA,2021,96.65301
United States,USA,2022,95.179115
